{"current":{"color_body_bg":"#ffffff","color_headings":"#274f7e","color_body_text":"#333333","color_borders":"#274f7e","color_button_text":"#ffffff","color_primary":"#33b928","color_secondary":"#0060cf","color_product_background":"#ffffff","color_sale_tag":"#3689ea","color_input":"#f6f6f6","color_newsletter":"#f5faff","color_drawer_background":"#274f7e","color_drawer_text":"#ffffff","color_drawer_border":"#1f436c","color_drawer_button":"#3689ea","color_drawer_button_text":"#ffffff","type_header_family":"catamaran_n6","type_header_base_size":"32px","type_header_border_thickness":"3px","type_accent_family":"catamaran_n6","type_accent_transform":true,"type_accent_spacing":true,"type_accent_subheadings":false,"type_base_family":"catamaran_n4","type_base_size":"16px","type_base_italize_titles":false,"cart_type":"drawer","cart_notes_enable":true,"social_facebook_link":"https:\/\/www.facebook.com\/CatamaranJapan","social_twitter_link":"https:\/\/twitter.com\/CatamaranJ","social_pinterest_link":"https:\/\/www.pinterest.jp\/catamaranjapan\/","social_instagram_link":"https:\/\/www.instagram.com\/catamaran_j\/","social_snapchat_link":"","social_google_plus_link":"","social_tumblr_link":"","social_youtube_link":"https:\/\/www.youtube.com\/channel\/UC3U7B2sKEOekxAKFEIoq8EQ","social_vimeo_link":"","social_fancy_link":"","share_facebook":true,"share_twitter":true,"share_pinterest":true,"favicon":"shopify:\/\/shop_images\/symbol.png","checkout_header_image":"shopify:\/\/shop_images\/MiniCat_cart.jpg","checkout_logo_image":"shopify:\/\/shop_images\/Logo_1500px.png","checkout_logo_position":"left","checkout_logo_size":"large","checkout_body_background_image":"","checkout_body_background_color":"#ffffff","checkout_input_background_color_mode":"white","checkout_sidebar_background_image":"","checkout_sidebar_background_color":"#1660b6","checkout_heading_font":"Helvetica Neue","checkout_body_font":"Roboto","checkout_accent_color":"#33b928","checkout_button_color":"#33b928","checkout_error_color":"#f01130","checkout_banner_background_color":"#fff","checkout_call_to_action_color":"#a26b25","checkout_use_header_image":false,"collection_products_grid":"collage","customer_layout":"customer_area","favicon_enable":false,"product_vendor_enable":false,"social_sharing_style":"clean","sections":{"slideshow":{"type":"slideshow","blocks":{"1495823280244":{"type":"slide","settings":{"video-image":"video","videofile":"https:\/\/cdn.shopify.com\/videos\/c\/o\/v\/3b7a89e7d213491594b077c3906dd616.mp4","image_position":"left top","image_overlay":true,"image_overlay_opacity":18,"text_alignment":"left","slide_heading":"水辺の冒険、いつでもどこでも。軽やかに、スマートに。","slide_subheading":"","button_label":"Shop now","button_link":"","slide_text_color":"#ffffff","slide_button_label_color":"#003b34","slide_button_background_color":"#84d1b2"}},"8cb34594-f7f6-4346-a161-80d334ae67c3":{"type":"slide","disabled":true,"settings":{"video-image":"video","videofile":"https:\/\/cdn.shopify.com\/videos\/c\/o\/v\/3b7a89e7d213491594b077c3906dd616.mp4https:\/\/cdn.shopify.com\/s\/files\/1\/2018\/8867\/files\/ice.mp4","image_position":"center center","image_overlay":true,"image_overlay_opacity":10,"text_alignment":"left","slide_heading":"The World's Favorite Portable Sailboat","slide_subheading":"MiniCat","button_label":"Shop now","button_link":"","slide_text_color":"#ffffff","slide_button_label_color":"#ffffff","slide_button_background_color":"#1f2021"}},"0c26d6e6-24df-40b0-b079-c31500088036":{"type":"slide","disabled":true,"settings":{"video-image":"image","videofile":"https:\/\/cdn.shopify.com\/s\/files\/1\/2018\/8867\/files\/ice.mp4","image":"shopify:\/\/shop_images\/Catamaranjapan_contact.jpg","image_position":"center center","image_overlay":true,"image_overlay_opacity":0,"text_alignment":"left","slide_heading":"The World's Favorite Portable Sailboat","slide_subheading":"MiniCat","button_label":"Shop now","button_link":"","slide_text_color":"#ffffff","slide_button_label_color":"#ffffff","slide_button_background_color":"#1f2021"}}},"block_order":["1495823280244","8cb34594-f7f6-4346-a161-80d334ae67c3","0c26d6e6-24df-40b0-b079-c31500088036"],"settings":{"home_hero_height":"adapt","hero_home_auto":true,"home_hero_auto_speed":3}},"featured-products":{"type":"featured-products","settings":{"title":"アクセサリー","home_featured_products":"accessories","collection_products_grid":"grid"}},"newsletter":{"type":"newsletter","settings":{"heading":"ニュースレター","subheading":"<p>ニュース、キャンペーン、セールス、デモイベントなどお知らせいたします。ぜひご登録ください。<\/p>"}},"header":{"type":"header","settings":{"logo":"shopify:\/\/shop_images\/logo_blue_21ea1154-3653-4eda-9ddc-9f99900e85fe.png","logo_max_width":260,"header_color":"#000000","transparent_header_enable":true,"transparent_logo":"shopify:\/\/shop_images\/logo_white.png","transparent_header_color":"#ffffff","search":"modal","main_menu_link_list":"main-menu","drawer_bottom_link_list":"footer","drawer_search_enable":false,"show_announcement":true,"home_page_only":true,"text":"Switch to English in the footer","link":"","color_bg":"#33b928","color_text":"#ffffff"}},"footer":{"type":"footer","settings":{"show_payment_icons":false,"show_currency_selector":true,"show_locale_selector":true,"footer_link_list":"footer"}},"collection-template":{"type":"collection-template","settings":{"show_collection_image":false,"collection_sort_enable":false,"collection_tags_enable":false,"collection_products_grid":"grid","product_vendor_enable":false}},"1494894035034":{"type":"featured-row","custom_css":["p {line-height: 1.5;}"],"settings":{"image":"shopify:\/\/shop_images\/MiniCat_transport.jpg","layout":"left","title":"世界で最も愛用されている膨張式カタマランヨット Minicat","text":"<p><strong>チェコで作られている<\/strong>MiniCatカタマランは膨張式のため、軽くて非常にコンパクトなヨットです。専用バッグに入っているので、自宅、ガレージ、もしくはホテル等で<strong>簡単に保管<\/strong>でき、<strong>楽に持ち運べます<\/strong>。キャンピングカーや中型船、<strong>飛行機にも乗せられます<\/strong>ので、旅行先にMiniCatを持って行けば気軽にセーリングができます。また、従来のヨットと違って、<strong>港に泊めておく必要がなく、係留費がかかりません。<\/strong>セーリングを楽しみたいときに、MiniCatをクローゼットから出して、車に乗せて、海へGo！<\/p><p>MiniCatには<strong>船舶免許が必要ありません。<\/strong>そのため、これからセーリングを始めたいと考えている方にもおすすめです。<strong>初心者向けモデルから、ベテランをワクワクさせるスポーツモデルまで<\/strong>幅広い商品ラインナップがあり、セーラーのあらゆるニーズに答えられます。速さ、身軽さ、そして安定性を備えており、単独セーリングにも、家族とのクルージングにもぴったりのカタマランヨットです。だから、MiniCatは「世界で最も愛用されている膨張式カタマラン」と呼ばれています！<\/p>","button_label":"MINICATについて","button_link":"shopify:\/\/pages\/aboutminicat"}},"product-template":{"type":"product-template","settings":{"product_vendor_enable":false,"social_sharing_products":true,"quantity_enabled":false,"product_selector":"radio","enable_payment_button":true,"add_to_cart_button_size":"large","media_layout":"thumbnails","enable_image_zoom":true,"enable_video_looping":false}},"1496177901425":{"type":"advanced-content","blocks":{"1496177901425-0":{"type":"html","settings":{"code":"<style type=\"text\/css\"><!--\nbody {\n  line-height: 1.25;\n}\n\ntable {\n  border-collapse: collapse;\n  margin: 0;\n  padding: 0;\n  width: 100%;\n  table-layout: fixed;\n}\n\n\n.firstRowLine td{\n  border-top: 0px solid black;\n}\n\ntable caption {\n  font-size: 16px;\n  margin: .5em 0 .75em;\n}\n\ntable tr{\n  background-color: #f8f8f8;\n}\n\ntable th,\ntable td {\n  padding: 20px;\n  text-align: center;\nborder:2px solid #fff;\n}\n\ntable th {\n  font-size: .85em;\n  letter-spacing: .1em;\n  text-transform: uppercase;\ncolor:#fff;\nbackground-color:#37506e;\n}\n\n@media screen and (max-width: 600px) {\n  table {\n    border: 0px;\n    color: #ffffff;\n  }\n\n@media screen and (max-width: 600px) {\n  th,td {\n    border: 0;\n  }\n\n  table caption {\n    font-size: 1.3em;\n  }\n  \n  table thead {\n    border: none;\n    clip: rect(0 0 0 0);\n    height: 1px;\n    margin: -1px;\n    overflow: hidden;\n    padding: 0;\n    position: absolute;\n    width: 1px;\n  }\n  \n  table tr {\nsolid #ddd;\n    display: block;\n    margin-bottom: .625em;\n  }\n  \n  table td {\n    display: block;\n    font-size: .8em;\n    text-align: right;    color: #333;\n  }\n  \n  table td::before {\n    \/*\n    * aria-label has no advantage, it won't be read inside a table\n    content: attr(aria-label);\n    *\/\n    content: attr(data-label);\n    float: left;\n    font-weight: bold;\n    text-transform: uppercase;\n  }\n\n  table td:last-child {\n    border-bottom: 0;\n  }\n}\n--><\/style>\n<h2>MiniCat - 各モデルの比較表<\/h2>\n<table>\n<thead>\n<tr>\n<td><\/td>\n<th scope=\"col\">Guppy<\/th>\n<th scope=\"col\">310<\/th>\n<th scope=\"col\">420<\/th>\n<th scope=\"col\">460<\/th>\n<\/tr>\n<\/thead>\n<tbody>\n<tr class=\"firstRowLine\">\n<th>全長<\/th>\n<td data-label=\"Guppy\">3000mm<\/td>\n<td data-label=\"310\">3100mm<\/td>\n<td data-label=\"420\">4200mm<\/td>\n<td data-label=\"460\">4600mm<\/td>\n<\/tr>\n<tr class=\"firstRowLine\">\n<th>全幅<\/th>\n<td data-label=\"Guppy\">1500mm<\/td>\n<td data-label=\"310\">1400mm<\/td>\n<td data-label=\"420\">2100mm<\/td>\n<td data-label=\"460\">2200mm<\/td>\n<\/tr>\n<tr class=\"firstRowLine\">\n<th>マスト高<\/th>\n<td data-label=\"Guppy\">4150mm<\/td>\n<td data-label=\"310\">3800mm<\/td>\n<td data-label=\"420\">5050mm<\/td>\n<td data-label=\"460\">6100mm<\/td>\n<\/tr>\n<tr class=\"firstRowLine\">\n<th>重量<\/th>\n<td data-label=\"Guppy\">27kg<\/td>\n<td data-label=\"310\">32.5kg<\/td>\n<td data-label=\"420\">52kg<\/td>\n<td data-label=\"460\">59kg<\/td>\n<\/tr>\n<tr class=\"firstRowLine\">\n<th>乗船人数<\/th>\n<td data-label=\"Guppy\">1-2名<\/td>\n<td data-label=\"310\">1-2名<\/td>\n<td data-label=\"420\">1-4名<\/td>\n<td data-label=\"460\">1-4名<\/td>\n<\/tr>\n<tr class=\"firstRowLine\">\n<th>組立時間<\/th>\n<td data-label=\"Guppy\">約10～15分<\/td>\n<td data-label=\"310\">約15～20分<\/td>\n<td data-label=\"420\">約30分<\/td>\n<td data-label=\"460\">約40分<\/td>\n<\/tr>\n<tr class=\"firstRowLine\">\n<th>バッグ寸法<\/th>\n<td data-label=\"Guppy\">1Bag | 1650×300×300mm<\/td>\n<td data-label=\"310\">1Bag | 1600×320×360mm<\/td>\n<td data-label=\"420\">2Bag | 1750×300×300mm<\/td>\n<td data-label=\"460\">2Bag | 1750×300×300mm\n1Bag | 1000x300x300mm\n<\/td>\n<\/tr>\n<\/tbody>\n<\/table>","width":"100%","alignment":"top-middle"}}},"block_order":["1496177901425-0"],"settings":{}},"product-recommendations":{"type":"product-recommendations","settings":{"show_product_recommendations":true,"heading":"You may also like"}},"advanced-content":{"type":"advanced-content","blocks":{"8f60a3e2-1452-4669-a8ba-3128e096324d":{"type":"html","settings":{"code":"<img src=\"https:\/\/cdn.shopify.com\/s\/files\/1\/0643\/1424\/5369\/files\/Catamaranjapan_contact.jpg?v=1655276573\">","width":"100%","alignment":"top-middle"}}},"block_order":["8f60a3e2-1452-4669-a8ba-3128e096324d"],"settings":{}},"article-template":{"type":"article-template","settings":{"social_sharing_blog":true}},"featured-blog":{"type":"featured-blog","settings":{"title":"Blog","blog":"","post_limit":3,"blog_show_date":true,"blog_show_author":false,"blog_show_image":false,"blog_show_excerpt":true,"show_view_all":false}},"featured-collections":{"type":"featured-collections","blocks":{"677f802d-df22-482d-a861-7f9c5dfba058":{"type":"collection","settings":{"collection":""}}},"block_order":["677f802d-df22-482d-a861-7f9c5dfba058"],"settings":{"title":"Collection list"}},"featured-content":{"type":"featured-content","settings":{"home_page_full_width":false,"section_title":"Talk about your brand","text":"<p>Use this text to share information about your brand with your customers. Describe a product, share announcements, or welcome customers to your store.<\/p>","text_size":"medium"}},"featured-product":{"type":"featured-product","settings":{"featured_product":"","show_variant_labels":true,"show_vendor":false,"enable_payment_button":true,"show_share_buttons":true,"enable_video_looping":false}},"featured-row":{"type":"featured-row","settings":{"layout":"left","title":"Image with text","text":"<p>Pair large text with an image to give focus to your chosen product, collection, or blog post. Add details on availability, style, or even provide a review.<\/p>","button_label":"","button_link":""}},"featured-video":{"type":"featured-video","settings":{"heading":"Video","video_url":""}},"1652067566d6576434":{"type":"slideshow","blocks":{"1652067566d6576434-0":{"type":"slide","settings":{"video-image":"image","videofile":"https:\/\/cdn.shopify.com\/s\/files\/1\/2018\/8867\/files\/ice.mp4","image":"shopify:\/\/shop_images\/MiniCat_warranty.jpg","image_position":"center center","image_overlay":true,"image_overlay_opacity":53,"text_alignment":"center","slide_heading":"MiniCatは保証付き","slide_subheading":"24ヶ月間の品質が保証されています。","button_label":"Shop now","button_link":"","slide_text_color":"#ffffff","slide_button_label_color":"#ffffff","slide_button_background_color":"#1f2021"}}},"block_order":["1652067566d6576434-0"],"settings":{"home_hero_height":"adapt","hero_home_auto":false,"home_hero_auto_speed":5}},"165269509296f54bbb":{"type":"featured-content","custom_css":[".text-link {border-bottom: 0px;}","p {line-height: 1.5;}"],"settings":{"home_page_full_width":true,"section_title":"運びやすく、保管しやすい - 自由なウォータースポーツのために","text":"<p><strong>Catamaran Japan<\/strong>へようこそ。私たちは、ウォータースポーツの楽しさを、<strong>あらゆる人に身近に感じてもらいたいという願い<\/strong>から生まれました。ここでは、<a href=\"https:\/\/catamaranjapan.jp\/collections\/minicat_catamaran\" target=\"_blank\" title=\"MiniCatカタマランヨット\">カタマランヨット<\/a>や<a href=\"\/collections\/wowsea-inflatable-sup-boards\" target=\"_blank\" title=\"SUP（サップ）ボード\">SUP<\/a>といった様々なウォータースポーツ用品を取り揃えていますが、ただの用品を提供するだけではありません。私たちが大切にしているのは、それらを通じて、<strong>海や川、湖といった美しい水辺の自然を、より身近に、より深く体験していただくことです。<\/strong>私たちが選んだ製品は、すべて<strong>運びやすく、保管しやすい<\/strong>という特徴を持っています。これは、ウォータースポーツをもっと手軽に、もっと自由に楽しんでいただくためです。車のトランクに入れて、気軽に海へ、川へと出かけられるように。使わない時はコンパクトに畳んで、お家の隅にしまっておけるように。そんな製品たちを通じて、私たちは<strong>ウォータースポーツの新たな魅力<\/strong>を発見し、広げていきたいと考えています。<\/p>","text_size":"medium"}},"1653029495aedab45b":{"type":"featured-row","custom_css":["p {line-height: 1.5;}"],"settings":{"image":"shopify:\/\/shop_images\/Sailing_is_fun_6f9fd7d7-1375-4ea4-8896-2b5f5f27f381.jpg","layout":"left","title":"セーリングの楽しさ","text":"<p>ヨットを操縦するとき、人は船を相棒にし、自分の腕だけを頼りに海を相手にしています。<\/p><p>早いスピードを出すためにこまめに帆を調整し、<strong>ヨットの能力を極限まで絞りだすレーサー<\/strong>もいれば、静かにヨットを走らせながら、ゆったりと風や波の音に包まれ、<strong>自然との一体化を楽しむセーラー<\/strong>もいます。<\/p><p>セーリングには無数の魅力がありますが、特に「自由を感じる」とよく言われています。広い空の下で風を読んで、ヨットを走らせる快感を言葉で説明することは難しいですが、<strong>自然の力を利用して帆走するときの気持ちは「自由」<\/strong>です。<\/p><p>セーリングはシンプルに見えて案外奥が深いです。<br\/>だから楽しい！<\/p>","button_label":"","button_link":""}},"1653030698192ec10a":{"type":"featured-row","custom_css":["p {line-height: 1.5;}"],"settings":{"image":"shopify:\/\/shop_images\/MiniCat_catamaran_yacht.jpg","layout":"right","title":"カタマランヨット","text":"<p>カタマランは双胴船とも呼ばれており、基本的に二つの船体がデッキ (甲板) で平行に繋いでいる船を意味しています。もちろん、カタマランヨットの場合、主に風の力を利用し、海を走っていますので、帆もデッキに付いています。<\/p><p>カタマランは二つの船体から成り立っていますので、かなり広いデッキを確保することが可能です。そのおかげで、帆走しているときにキールが安定し、船が傾かないので、<strong>単胴型のヨットよりも安全性が高い<\/strong>です。また、細長い船体はカタマランの帆走速度を上げていて、<strong>スピードを求めている方にも最適<\/strong>です。<\/p>","button_label":"","button_link":""}},"1654390018bab9f03e":{"type":"text-columns-with-icons","blocks":{"1654390018bab9f03e-0":{"type":"text_block","settings":{"enable_image":true,"image":"shopify:\/\/shop_images\/affg.webp","title":"お求めやすい","text":"<p>比較的お手頃価格なだけでなく、<strong>家で保管<\/strong>できるため、係留費がかかりません。<\/p>","button_label":"","button_link":""}},"1654390018bab9f03e-1":{"type":"text_block","settings":{"enable_image":true,"image":"shopify:\/\/shop_images\/trag.webp","title":"コンパクト","text":"<p><strong>軽量でバッグに収納<\/strong>できるよう設計されています。<strong>車に乗せて<\/strong>、好きなときにいつでもセーリングを楽しむことができます。<\/p>","button_label":"","button_link":""}},"1654390018bab9f03e-2":{"type":"text_block","settings":{"enable_image":true,"image":"shopify:\/\/shop_images\/accg.webp","title":"カスタマイズ性","text":"<p>定員やスピードなど、お好みに合わせてモデルを選べます。さらに、<strong>豊富なアクセサリー<\/strong>で自分だけのMiniCatにカスタマイズできます。<\/p>","button_label":"","button_link":""}},"286bd73e-d640-4797-8874-fe980c23db07":{"type":"text_block","settings":{"enable_image":true,"image":"shopify:\/\/shop_images\/perfg.webp","title":"高性能","text":"<p>軽さのおかげで、<strong>軟風でもかなりのスピード<\/strong>を出せます。優れた技術で設計されたMiniCatは膨張式とは思えないほどのパフォーマンスを発揮します。<\/p>","button_label":"","button_link":""}}},"block_order":["1654390018bab9f03e-0","1654390018bab9f03e-1","1654390018bab9f03e-2","286bd73e-d640-4797-8874-fe980c23db07"],"custom_css":["p {line-height: 1.5;}"],"settings":{"title":"MiniCatの主な特長","align_text":"center"}},"1654474888ea669cd6":{"type":"home-featured-products","settings":{"title":"カタマランヨットMiniCat","home_featured_products":"minicat_catamaran","collection_products_grid":"grid"}},"1654840376d2d7e405":{"type":"home-contact","settings":{"image":"shopify:\/\/shop_images\/Catamaranjapan_contact.jpg","alignment":"center","contact_text":"#ffffff","contact_bg":"#3689ea","contact_opacity":40,"heading":"お問い合わせ","subheading":"<p>デモ体験や使い方についてなど、気になる点がございましたらお気軽にお問合せください。<\/p>"}},"advanced-content-dealersabroad":{"type":"advanced-content-dealersabroad","blocks":{"c0b4049c-ea0b-4f5a-b05f-0f602cc53210":{"type":"html","settings":{"code":"<style type=\"text\/css\"><!--\n.image {\n   display: flex;\njustify-content: space-evenly;\n   transition: 0.3s;\n}\na:hover {\n    opacity: 0.7;\n}\n--><\/style>\n<h2>MiniCatの海外代理店<\/h2>\n<div class=\"image\">\n<a href=\"https:\/\/greatlakeswatercraft.com\/\" target=\"_blank\">\n<img height=\" 110\" src=\"https:\/\/cdn.shopify.com\/s\/files\/1\/0643\/1424\/5369\/files\/Great_Lakes_Watercraft_Navy_Logo.webp?v=1656464906\" div=\"\">\n<\/a>\n<div class=\"image\">\n<a href=\"https:\/\/www.minicat.it\/\" target=\"_blank\">\n<img height=\" 110\" src=\"https:\/\/cdn.shopify.com\/s\/files\/1\/0643\/1424\/5369\/files\/Minicat_Italia.jpg?v=1657005271\" div=\"\">\n<\/a>\n<\/div>\n<\/div>","width":"100%","alignment":"top-middle"}}},"block_order":["c0b4049c-ea0b-4f5a-b05f-0f602cc53210"],"settings":{}},"featured_content_qwqqfV":{"type":"featured-content","custom_css":["p {line-height: 1.5;}"],"settings":{"home_page_full_width":true,"section_title":"","text":"<p><strong>私たちCatamaran Japanは、ウォータースポーツを通じて、人々の生活に新しい風を吹き込むことを目指しています。美しい日本の水辺で、心躍る冒険を一緒に始めましょう。<\/strong><\/p>","text_size":"large"}},"featured_row_z4XBRP":{"type":"featured-row","custom_css":["p {line-height: 1.5;}"],"settings":{"image":"shopify:\/\/shop_images\/poseidon-p3-sup-paddle-board-user5.webp","layout":"right","title":"WOWSEAで広がる膨張式SUPの世界","text":"<p>Catamaran Japanでは、WOWSEAの<strong>膨張式スタンドアップパドルボード<\/strong>を皆さんにお届けしています。WOWSEAは、手軽に楽しめる最高のSUPボード体験を、<strong>お求めやすい価格<\/strong>で提供することを心がけています。これらのボードはどんな冒険にもぴったりです。<\/p><p>WOWSEAは、SUPボードをもっと楽しんでもらうために、技術の革新を重ねてきました。その結果、WOWSEAのボードは<strong>最先端の技術を駆使しており、安定性と耐久性<\/strong>を証明する厳しいテストをクリアしています。見た目も品質も、他の製品とは一線を画しています。 パドルボードが初めての方も、もう慣れた方も、WOWSEAで新しい体験を始めてみませんか？自分らしいスタイルを見つけて、新しい世界を探検する楽しみがここにあります。<\/p>","button_label":"製品ラインナップ","button_link":"shopify:\/\/collections\/wowsea-inflatable-sup-boards"}}},"content_for_index":["slideshow","165269509296f54bbb","featured_content_qwqqfV","1654474888ea669cd6","1654390018bab9f03e","1653029495aedab45b","1653030698192ec10a","1494894035034","featured_row_z4XBRP","1496177901425","1652067566d6576434","newsletter","1654840376d2d7e405"],"blocks":{"5846654113244447633":{"type":"shopify:\/\/apps\/xo-scroll-to-top\/blocks\/xo-scrolltop\/ea52da47-6aa9-474c-8ff9-df181b3784b4","disabled":false,"settings":{}}}},"presets":{"Classic":{"checkout_accent_color":"#a26b25","checkout_button_color":"#000000","checkout_error_color":"e32c2b","sections":{"header":{"type":"header","settings":{"show_announcement":true}},"slideshow":{"type":"slideshow","blocks":{"slideshow-0":{"type":"slide","settings":{}},"slideshow-1":{"type":"slide","settings":{}}},"block_order":["slideshow-0","slideshow-1"],"settings":{}},"featured-content":{"type":"featured-content","settings":{"section_title":"","text_size":"large"}},"featured-collections":{"type":"featured-collections","blocks":{"featured-collections-0":{"type":"collection","settings":{}},"featured-collections-1":{"type":"collection","settings":{}},"featured-collections-2":{"type":"collection","settings":{}},"featured-collections-3":{"type":"collection","settings":{}},"featured-collections-4":{"type":"collection","settings":{}}},"block_order":["featured-collections-0","featured-collections-1","featured-collections-2","featured-collections-3","featured-collections-4"],"settings":{}},"featured-products":{"type":"featured-products","settings":{"collection_products_grid":"grid"}},"featured-product":{"type":"featured-product","settings":{}},"newsletter":{"type":"newsletter","settings":{}}},"content_for_index":["slideshow","featured-content","featured-collections","featured-products","featured-product","newsletter"]},"Playful":{"color_body_bg":"#ffffff","color_body_text":"#565656","color_borders":"#5dd2b4","color_button_text":"#ffffff","color_primary":"#7737BD","color_secondary":"#058677","color_product_background":"#fff4f6","color_sale_tag":"#e80970","color_input":"#f6f6f6","color_newsletter":"#bde9f2","color_drawer_background":"#360f5f","color_drawer_text":"#ffffff","color_drawer_border":"#50297a","color_drawer_button":"#7737BD","color_drawer_button_text":"#ffffff","color_headings":"#321863","type_header_family":"quicksand_n7","type_header_base_size":"38px","type_header_border_thickness":"1px","type_accent_family":"roboto_n7","type_accent_transform":true,"type_accent_spacing":true,"type_accent_subheadings":false,"type_base_family":"helvetica_n4","type_base_size":"17px","type_base_italize_titles":false,"cart_type":"drawer","cart_notes_enable":true,"social_facebook_link":"","social_twitter_link":"","social_pinterest_link":"","social_instagram_link":"","social_snapchat_link":"","social_google_plus_link":"","social_tumblr_link":"","social_youtube_link":"","social_vimeo_link":"","social_fancy_link":"","share_facebook":true,"share_twitter":true,"share_pinterest":true,"favicon":"","checkout_header_image":"","checkout_logo_image":"","checkout_logo_position":"left","checkout_logo_size":"small","checkout_body_background_image":"","checkout_body_background_color":"#ffffff","checkout_input_background_color_mode":"white","checkout_sidebar_background_image":"","checkout_sidebar_background_color":"#fff4f6","checkout_heading_font":"Helvetica Neue","checkout_body_font":"Roboto","checkout_accent_color":"#7737BD","checkout_button_color":"#7737BD","checkout_error_color":"#f01130","checkout_banner_background_color":"#fff","checkout_call_to_action_color":"#a26b25","checkout_use_header_image":false,"collection_products_grid":"collage","customer_layout":"customer_area","favicon_enable":false,"product_vendor_enable":false,"social_sharing_style":"clean","sections":{"slideshow":{"type":"slideshow","blocks":{"1495823280244":{"type":"slide","settings":{"slide_text_color":"#ffffff","slide_button_label_color":"#003B34","slide_button_background_color":"#84D1B2"}}},"block_order":["1495823280244"],"settings":{"hero_home_auto":false,"home_hero_auto_speed":5}},"featured-products":{"type":"featured-products","settings":{"home_featured_products":"frontpage","collection_products_grid":"collage"}},"newsletter":{"type":"newsletter","settings":{}},"header":{"type":"header","settings":{"logo_max_width":260,"search":"modal","main_menu_link_list":"main-menu","show_announcement":false,"color_bg":"#290c49","color_text":"#ffffff"}},"footer":{"type":"footer","settings":{"footer_link_list":"footer"}},"collection-template":{"type":"collection-template","settings":{"collection_tags_enable":false,"collection_products_grid":"grid","product_vendor_enable":false}},"1494860348200":{"type":"featured-row","settings":{"layout":"right"}},"1494894035034":{"type":"featured-row","settings":{"layout":"left"}},"product-template":{"type":"product-template","settings":{"product_vendor_enable":false,"social_sharing_products":true,"enable_image_zoom":false,"enable_video_looping":false}},"1496078102297":{"type":"advanced-content","blocks":{"1496078102297-0":{"type":"html","settings":{"code":"<div style=\"text-align:center;\">\n<h1 class=\"h1\">Use HTML to format your text so it can be easily read.<\/h1>This text can be used to share information about your brand with customers.<\/div>","width":"100%","alignment":"top-middle"}}},"block_order":["1496078102297-0"],"settings":{}},"1496177901425":{"type":"advanced-content","blocks":{"1496177901425-0":{"type":"html","settings":{"code":"<div style=\"width:745px;text-align: center; margin: 0 auto;\">This text can be used to share information about your brand with customers.<\/div>","width":"100%","alignment":"top-middle"}}},"block_order":["1496177901425-0"],"settings":{}}},"content_for_index":["slideshow","1496177901425","featured-products","newsletter","1496078102297","1494860348200","1494894035034"]}}}